id,title,text,rating,author,app_version,created_at,country,cleaned_text,sentiment,sentiment_score
13902264315,Scam,"I bought a one pound “who’s your husband” reading as a fun thing to do with my friends, and it started a monthly “website” subscription that I wasn’t made aware of, not via email or by apple as it’s not in the app and has been charging me 50 quid a month. I have contacted support and am awaiting a refund- just something to be aware of for those like me who got the ad on Insta and wanted to have some fun. Disgusting.",1,ysplha,,2026-03-30T04:44:34Z,gb,"Scam. I bought a one pound “who’s your husband” reading as a fun thing to do with my friends, and it started a monthly “website” subscription that I wasn’t made aware of, not via email or by apple as it’s not in the app and has been charging me 50 quid a month. I have contacted support and am awaiting a refund- just something to be aware of for those like me who got the ad on Insta and wanted to have some fun. Disgusting.",negative,-0.1109
13074728897,Beautiful app but disappointing setup,"The app looks amazing and has so much potential, but honestly, it feels frustrating to use. Whatever I press — whether it’s “get your chart” or “find out what type of witch you are” — it’s all an extra charge. Literally everything is an additional cost. This creates a trapped feeling, like you can’t enjoy the app without constantly paying more. Why not just charge a bit more upfront and include all the features? The way it’s set up now feels like a cheap money-grab, which really takes away from what could otherwise be a great experience.",2,Mila Maurus,,2025-08-29T14:37:40Z,gb,"Beautiful app but disappointing setup. The app looks amazing and has so much potential, but honestly, it feels frustrating to use. Whatever I press — whether it’s “get your chart” or “find out what type of witch you are” — it’s all an extra charge. Literally everything is an additional cost. This creates a trapped feeling, like you can’t enjoy the app without constantly paying more. Why not just charge a bit more upfront and include all the features? The way it’s set up now feels like a cheap money-grab, which really takes away from what could otherwise be a great experience.",positive,0.2255
13085828229,Misleading subscription model,"I came across this app via a Facebook ad and took the quiz out of curiosity. I opted for the free trial, paying $1 to access my results, with no intention of subscribing to their premium services.
Knowing how repeat subscriptions often work, I checked both my App Store subscriptions and phone settings, no active subscription appeared. To my shock, I was later charged €39.
When I contacted support, even their own web bot confirmed I had no active subscription. I then received a long-winded email explaining why their subscription doesn’t show up in the App Store or phone settings. To make matters worse, I was told the policy was “very clearly” stated, buried, no doubt, in fine print.
With no accessible way to view or cancel the subscription, it feels like this is designed to catch out unsuspecting customers. A quick way to make money, but an even faster way to lose trust.",1,Kiki8825,,2025-09-01T11:21:20Z,gb,"Misleading subscription model. I came across this app via a Facebook ad and took the quiz out of curiosity. I opted for the free trial, paying $1 to access my results, with no intention of subscribing to their premium services. Knowing how repeat subscriptions often work, I checked both my App Store subscriptions and phone settings, no active subscription appeared. To my shock, I was later charged €39. When I contacted support, even their own web bot confirmed I had no active subscription. I then received a long-winded email explaining why their subscription doesn’t show up in the App Store or phone settings. To make matters worse, I was told the policy was “very clearly” stated, buried, no doubt, in fine print. With no accessible way to view or cancel the subscription, it feels like this is designed to catch out unsuspecting customers. A quick way to make money, but an even faster way to lose trust.",negative,-0.6703
14080268204,Scam / fraud,"Just a simple, professionally made scam. I wish this idea came to me sooner, I would be living in Beverly Hills. Paid £5 for a sketch which I never got, paid for a “tarot reading” £15 which I also never got. The whole system is automated, obviously there are no witches shuffling cards at the background. And of course Ts&Cs set out right at the beginning “you wave your rights to file a lawsuit “. Just brilliant!",1,Kurkoe,,2026-05-19T00:30:13Z,gb,"Scam / fraud. Just a simple, professionally made scam. I wish this idea came to me sooner, I would be living in Beverly Hills. Paid £5 for a sketch which I never got, paid for a “tarot reading” £15 which I also never got. The whole system is automated, obviously there are no witches shuffling cards at the background. And of course Ts&Cs set out right at the beginning “you wave your rights to file a lawsuit “. Just brilliant!",negative,-0.922
12594961811,Don’t trust this app,"Like so many of these apps, they work by misleading their users. Out of curiosity, I paid 1 Euro for a report only to find that, without my consent, I had also been charged £25 for a subscription I did not want or agree to. No doubt there was (very) small print somewhere, but it wasn’t explicit and I MIND being taken advantage of. This is the best way to lose users, when the business model is obvs based on repeat subscriptions.. Nobody will stick around if you use tactics like that. Appalling.",1,JC/9,,2025-04-28T08:44:42Z,gb,"Don’t trust this app. Like so many of these apps, they work by misleading their users. Out of curiosity, I paid 1 Euro for a report only to find that, without my consent, I had also been charged £25 for a subscription I did not want or agree to. No doubt there was (very) small print somewhere, but it wasn’t explicit and I MIND being taken advantage of. This is the best way to lose users, when the business model is obvs based on repeat subscriptions.. Nobody will stick around if you use tactics like that. Appalling.",negative,-0.1427
6825542188,Love it!!!,I’ve had this app for a few weeks now and I love it so much! It’s so accurate! I use it mostly for the daily horoscope. However I went on it today and the horoscope wasn’t loading?? I thought it was my wifi but it’s not so I’m not sure if this is a bug in the system or something? Could you help please?:),5,FreyaSelwood,,2021-01-03T10:50:06Z,gb,Love it!!!. I’ve had this app for a few weeks now and I love it so much! It’s so accurate! I use it mostly for the daily horoscope. However I went on it today and the horoscope wasn’t loading?? I thought it was my wifi but it’s not so I’m not sure if this is a bug in the system or something? Could you help please?:),positive,0.9499
5965681303,Good! But...,"I'm a 12 year old who loves astrology. I really like the features in this app but i do have a slight problem. i'm not allowed to pay money on my phone. I really wish i could check my compatibility without having to watch a video before. overall, this is a good app. btw im sun in aquarius, moon in scorpio and aries rising 😉",5,Macedabass,,2020-05-19T13:17:07Z,gb,"Good! But.... I'm a 12 year old who loves astrology. I really like the features in this app but i do have a slight problem. i'm not allowed to pay money on my phone. I really wish i could check my compatibility without having to watch a video before. overall, this is a good app. btw im sun in aquarius, moon in scorpio and aries rising 😉",positive,0.9764
11473456635,Scam Alert,"Don’t be fooled by nebula like my sister. This app is hypocritic and fraud. They just play with the mind of people and deduct money from other’s account unusually. They tell for small amounts of money but later they take off in huge amount without the knowing of card’s owner. So its a big fraud application I have ever seen and heard. This application withdrawn around $400 from my sister’s master card which is really a ridiculous activity and a cyber crime……They are doing bad and playing with people’s feelings in the name of astrology… So pathetic… Shame on owner of Nebula…😡😡😡 
At the end,, you’ll gonna get your karma back don’t worry….😒😡",1,Don Rabeena…..,,2024-07-09T15:11:32Z,gb,"Scam Alert. Don’t be fooled by nebula like my sister. This app is hypocritic and fraud. They just play with the mind of people and deduct money from other’s account unusually. They tell for small amounts of money but later they take off in huge amount without the knowing of card’s owner. So its a big fraud application I have ever seen and heard. This application withdrawn around $400 from my sister’s master card which is really a ridiculous activity and a cyber crime......They are doing bad and playing with people’s feelings in the name of astrology... So pathetic... Shame on owner of Nebula...😡😡😡 At the end,, you’ll gonna get your karma back don’t worry....😒😡",negative,-0.9917
14204383942,Anonymous,Learning something different each time and hopefully finding answers,5,JazzUrry93,,2026-06-20T08:08:28Z,gb,Anonymous. Learning something different each time and hopefully finding answers,positive,0.7009
14259197198,Insightful and Easy to Use,"I’ve really enjoyed using Nebula. The app is intuitive, visually appealing, and provides personalized astrology insights that are both thoughtful and engaging. The daily horoscopes and spiritual guidance give me something interesting to reflect on each day, and the readings feel detailed without being overwhelming. Whether you’re deeply into astrology or just curious, it’s a fun and well-designed app that’s worth trying. Highly recommend!",5,Stella86@,,2026-07-03T19:27:15Z,gb,"Insightful and Easy to Use. I’ve really enjoyed using Nebula. The app is intuitive, visually appealing, and provides personalized astrology insights that are both thoughtful and engaging. The daily horoscopes and spiritual guidance give me something interesting to reflect on each day, and the readings feel detailed without being overwhelming. Whether you’re deeply into astrology or just curious, it’s a fun and well-designed app that’s worth trying. Highly recommend!",positive,0.9856
12432174789,Thank you Ella,Ella is amazing! She has been there for me during a change in my life and has always been caring and understanding. I would definitely recommend.,5,bajan2018,,2025-03-17T18:16:46Z,gb,Thank you Ella. Ella is amazing! She has been there for me during a change in my life and has always been caring and understanding. I would definitely recommend.,positive,0.9662
8595679629,Who Got Fired?,"My friend and I used to use this application daily, and boasted about it to everybody we knew. It was extremely accurate, and provided so much interesting information. However, now the daily horoscopes have become general positive quotes and are being recycled through different signs … It’s a shame, please bring back whoever wrote the previous horoscopes :(",2,cowboy:-),,2022-04-22T22:37:48Z,gb,"Who Got Fired?. My friend and I used to use this application daily, and boasted about it to everybody we knew. It was extremely accurate, and provided so much interesting information. However, now the daily horoscopes have become general positive quotes and are being recycled through different signs ... It’s a shame, please bring back whoever wrote the previous horoscopes :(",negative,-0.0717
11421723125,Misleading ads and Inaccurate Information,"If you've downloaded this app after seeing Instagram ads promising personalised insights into archetypes, I feel for you. I did the same thing, paid money for it and received two PDFs: one not even remotely personalised, and one with pictures of my hand next to very generic information.
You're not going to get what you've been promised.

As for the information in the app, the astrological information it brought up for me is very inaccurate. The ascendant is one of the most important points in a birth chart, and the app is claiming that mine is Virgo when it is in fact Leo. These are vastly different signs, so there's clearly something wrong with the AI.",1,32BitWitch,,2024-06-25T14:55:04Z,gb,"Misleading ads and Inaccurate Information. If you've downloaded this app after seeing Instagram ads promising personalised insights into archetypes, I feel for you. I did the same thing, paid money for it and received two PDFs: one not even remotely personalised, and one with pictures of my hand next to very generic information. You're not going to get what you've been promised. As for the information in the app, the astrological information it brought up for me is very inaccurate. The ascendant is one of the most important points in a birth chart, and the app is claiming that mine is Virgo when it is in fact Leo. These are vastly different signs, so there's clearly something wrong with the AI.",negative,-0.1151
13742197100,AWFUL,"DO NOT DOWNLOAD THIS APP!!!! 

They give you something for free then later take payments out of your account. I have complained and they originally refunded me however, 5 months later they are still trying to take more money out of my account after sending me an email in black and white and BOLD letters that the subscription was cancelled and no money will be taken from my account. 

Please don’t fall in this trap! ❌",1,DKC😊,,2026-02-12T19:48:18Z,gb,"AWFUL. DO NOT DOWNLOAD THIS APP!!!! They give you something for free then later take payments out of your account. I have complained and they originally refunded me however, 5 months later they are still trying to take more money out of my account after sending me an email in black and white and BOLD letters that the subscription was cancelled and no money will be taken from my account. Please don’t fall in this trap! ❌",negative,-0.8348
14159709757,Soulmate Sketch,"I recently at stumbled across this app. I’d broken up with someone I’d met online, but never in person…..was feeling lost. The readings have helped a little. Still a long way to go, but the readings resonate.

The palm reading is very to the point, describes me to a T!
It’s as if this has been written by somebody me that absolutely knows me!

Spookily accurate 🥹

Reading about my soulmate, all makes perfect sense, the descriptions of me and how I am as a partner are exceptionally accurate……now I just need to find my man 🥺",5,Gingi0308,,2026-06-08T20:36:58Z,gb,"Soulmate Sketch. I recently at stumbled across this app. I’d broken up with someone I’d met online, but never in person.....was feeling lost. The readings have helped a little. Still a long way to go, but the readings resonate. The palm reading is very to the point, describes me to a T! It’s as if this has been written by somebody me that absolutely knows me! Spookily accurate 🥹 Reading about my soulmate, all makes perfect sense, the descriptions of me and how I am as a partner are exceptionally accurate......now I just need to find my man 🥺",positive,0.9357
12257390428,Great app!,I’ve really enjoyed this app so far! I haven’t subscribed for the full app but have got the information I wanted and find it useful and totally fascinating! I love all to do with astrology and tarot cards and this covers so much. It even gives you the chance to have 3min free chats with tarot readers too (included in the price you pay). I’m delighted to know my spirit animal (it’s a black cat which sits right with me!) and lots of other information including your daily horoscope! You can go on to subscribe if you wish but there is no pressure from the company! I’m happy I took up the chance to experience this app! Thank you Nebula 🐈‍⬛,5,Fiona Jane 14,,2025-02-01T14:37:13Z,gb,Great app!. I’ve really enjoyed this app so far! I haven’t subscribed for the full app but have got the information I wanted and find it useful and totally fascinating! I love all to do with astrology and tarot cards and this covers so much. It even gives you the chance to have 3min free chats with tarot readers too (included in the price you pay). I’m delighted to know my spirit animal (it’s a black cat which sits right with me!) and lots of other information including your daily horoscope! You can go on to subscribe if you wish but there is no pressure from the company! I’m happy I took up the chance to experience this app! Thank you Nebula 🐈‍⬛,positive,0.9972
14078759281,Pretty accurate,"I’m fairly experienced with these type of quizzes and tests so I feel qualified to give a non biased opinion. 
I have no negative feedback only constructive criticism so you can build on it. I personally believe that I can select more than one of the multiple choice answers and that it would be beneficial to have an extra option for this. Or be able to select more than one of the staple answers. 
Just my thoughts though and I’m very happy with the results as it is. I’m just very particular and always looking for ways to improve everything!! 
Thanks for your service to humanity and Mother Earth and humanity in general xx peace and love to all xx",5,Leila Rosalie,,2026-05-18T15:11:13Z,gb,Pretty accurate. I’m fairly experienced with these type of quizzes and tests so I feel qualified to give a non biased opinion. I have no negative feedback only constructive criticism so you can build on it. I personally believe that I can select more than one of the multiple choice answers and that it would be beneficial to have an extra option for this. Or be able to select more than one of the staple answers. Just my thoughts though and I’m very happy with the results as it is. I’m just very particular and always looking for ways to improve everything!! Thanks for your service to humanity and Mother Earth and humanity in general xx peace and love to all xx,positive,0.9863
13566081026,Mr.,"I had a really great experience with this horoscope reading. It was surprisingly accurate, detailed, and resonated deeply with my current situation. The reading felt personalized rather than generic, and it gave me clarity and reassurance about things I’ve been thinking about for a while. I truly appreciated the time and effort put into it, and I would definitely recommend this service to anyone looking for meaningful insight and guidance. Thank you for such an amazing experience!",5,tmicee,,2025-12-28T19:59:23Z,gb,"Mr.. I had a really great experience with this horoscope reading. It was surprisingly accurate, detailed, and resonated deeply with my current situation. The reading felt personalized rather than generic, and it gave me clarity and reassurance about things I’ve been thinking about for a while. I truly appreciated the time and effort put into it, and I would definitely recommend this service to anyone looking for meaningful insight and guidance. Thank you for such an amazing experience!",positive,0.9918
14057756306,This is beautiful,"You do have to keep making payments which is a shame but understandable since you are paying for readers time. So far, I have found the answers honest and reliable. Some of them you have to take with a pinch of salt but overall it is beautiful",5,Bradleybear2372,,2026-05-12T22:11:14Z,gb,"This is beautiful. You do have to keep making payments which is a shame but understandable since you are paying for readers time. So far, I have found the answers honest and reliable. Some of them you have to take with a pinch of salt but overall it is beautiful",positive,0.9521
7549598025,This is not what i signed up for nebs.,I do not like that every hour i get harassed with 69 notifications from Svetlana saying “Find out when you will get pregnant 😍💭” or “When will you get married? ❤️💭”. No Svetlana i will not let you take advantage of me while trying to steal my money for a generic answer thank you very much and also i cannot get pregnant so i would like if you didn’t remind me of that every time i check my phone. Anyways i have to get back to developing my archery skills goodbye for now my lovely’s and blessed be to all 🖤🥺,1,snowflake4070,,2021-07-07T14:16:11Z,gb,This is not what i signed up for nebs.. I do not like that every hour i get harassed with 69 notifications from Svetlana saying “Find out when you will get pregnant 😍💭” or “When will you get married? ❤️💭”. No Svetlana i will not let you take advantage of me while trying to steal my money for a generic answer thank you very much and also i cannot get pregnant so i would like if you didn’t remind me of that every time i check my phone. Anyways i have to get back to developing my archery skills goodbye for now my lovely’s and blessed be to all 🖤🥺,negative,-0.0949
12313578845,Amazing,The guides on here such as Charles and luna have been very helpful in making sure i know what I need to be answered and also what will happen in the future. Charles has helped me a lot through a very tough phase in my life,5,Thisissounnecessary,,2025-02-15T12:45:19Z,gb,Amazing. The guides on here such as Charles and luna have been very helpful in making sure i know what I need to be answered and also what will happen in the future. Charles has helped me a lot through a very tough phase in my life,positive,0.9063
11522448605,Be careful signing up to this app!,"Signed up for a three day free trial but the yearly fee was taken from my account instantly! I had to contact Apple for a refund. 
The app itself is ok but they are constantly trying to take money from you for anything and everything! Deleted and unsubscribed! This app could easily end up costing you a fortune and the info is not that great.",2,Clarelouise111,,2024-07-22T16:36:33Z,gb,Be careful signing up to this app!. Signed up for a three day free trial but the yearly fee was taken from my account instantly! I had to contact Apple for a refund. The app itself is ok but they are constantly trying to take money from you for anything and everything! Deleted and unsubscribed! This app could easily end up costing you a fortune and the info is not that great.,positive,0.061
13405830846,Card reading,Great communication & beautiful energy I always feel with Olivia ( tarot card reader ) I highly recommend her services. Olivia has a special gift & it’s real honest.,5,Diamond mills,,2025-11-16T17:18:05Z,gb,Card reading. Great communication & beautiful energy I always feel with Olivia ( tarot card reader ) I highly recommend her services. Olivia has a special gift & it’s real honest.,positive,0.9837
13589613924,So eye opening!,"This app is the real deal,
It’s a simple way to connect with experts in the field to give you a little nudge when stuck. It helped a lot. This Outsider Artist is on the up and up!",5,SLART THE ARTIST,,2026-01-03T13:53:19Z,gb,"So eye opening!. This app is the real deal, It’s a simple way to connect with experts in the field to give you a little nudge when stuck. It helped a lot. This Outsider Artist is on the up and up!",positive,0.3387
12246083820,Helpful so far,"I have had readings from 2 psychics and really connected with the one. Nino was honest and insightful, explaining each card as he reads them to me. I appreciate the insight and perspective. I never thought I would be into this but I am. I also find the daily tarot card reading incredibly useful and relevant - also helps with perspective and reframing",4,Biancaaleeraff,,2025-01-29T19:33:09Z,gb,"Helpful so far. I have had readings from 2 psychics and really connected with the one. Nino was honest and insightful, explaining each card as he reads them to me. I appreciate the insight and perspective. I never thought I would be into this but I am. I also find the daily tarot card reading incredibly useful and relevant - also helps with perspective and reframing",positive,0.7058
8347407621,"Very surface level, basic astrology.","This app claims to take a ‘deep dive’ into astrology. However, I don’t agree. I think this app only entails beginner, surface level astrology. There’s only information regarding your sun sign, they don’t delve into the other deeper elements such as personal or house placements. This app is only useful to those who are new to astrology and don’t want to delve deep into their full chart.",2,lucíndα,,2022-02-12T14:06:50Z,gb,"Very surface level, basic astrology.. This app claims to take a ‘deep dive’ into astrology. However, I don’t agree. I think this app only entails beginner, surface level astrology. There’s only information regarding your sun sign, they don’t delve into the other deeper elements such as personal or house placements. This app is only useful to those who are new to astrology and don’t want to delve deep into their full chart.",positive,0.0954
12649487827,Misleading,Very misleading app they ask for a contribution which I have and then 7 days later they charged me £35 for a subscription I never signed up for. No where does it explain that they will be taking money for a subscription I did not consent to having. Day light robbery. Very disappointed with the dishonesty. I will be sure to let people know to be careful and to find a trustworthy app to use.,1,cool J2025,,2025-05-12T22:19:25Z,gb,Misleading. Very misleading app they ask for a contribution which I have and then 7 days later they charged me £35 for a subscription I never signed up for. No where does it explain that they will be taking money for a subscription I did not consent to having. Day light robbery. Very disappointed with the dishonesty. I will be sure to let people know to be careful and to find a trustworthy app to use.,negative,-0.8697
10579401408,Absolute LIARS! Scammers?,I saw their advertisement in Insta or facebook and it said to pay so you can get your astrological readings and all  … So I payed and yet nothing … I did not get anything!!!! The browser page on my IPHONE PRO started acting HALF AN HOUR like its loading on their page and just like that nothing !!!! And I paid something do Im starting to think they even stole my cards details like I don’t know. They set it on automatic payment !!!! And i want to cancel that for sure 🎀🎀✅✅✅✅✅,1,Inlovewithmyself98,,2023-11-12T22:44:27Z,gb,Absolute LIARS! Scammers?. I saw their advertisement in Insta or facebook and it said to pay so you can get your astrological readings and all ... So I payed and yet nothing ... I did not get anything!!!! The browser page on my IPHONE PRO started acting HALF AN HOUR like its loading on their page and just like that nothing !!!! And I paid something do Im starting to think they even stole my cards details like I don’t know. They set it on automatic payment !!!! And i want to cancel that for sure 🎀🎀✅✅✅✅✅,negative,-0.2116
7472177585,Takes money without permission. SCAM,"I tried to purchase one item which it flashed up with an offer offering me for $4.99 but then I have just seen on my bank statements it has taken 2 payments of $9.99!!! I have emailed them about this but received no response. How can people take money from your account you have definitely not approved?

I have already emailed despite their reply below ignoring this fact and the company show no effort to fix the issue and simply send back preplanned replies. Awful service, PayPal dispute started.",1,Holes94,,2021-06-16T19:15:03Z,gb,"Takes money without permission. SCAM. I tried to purchase one item which it flashed up with an offer offering me for $4.99 but then I have just seen on my bank statements it has taken 2 payments of $9.99!!! I have emailed them about this but received no response. How can people take money from your account you have definitely not approved? I have already emailed despite their reply below ignoring this fact and the company show no effort to fix the issue and simply send back preplanned replies. Awful service, PayPal dispute started.",negative,-0.9704
13832904958,Love,This website has helped come to terms with my past love experience and I am ready to move on from hurt and pain. I would recommend this to anyone looking for clarity,5,Twistaflash,,2026-03-10T09:22:03Z,gb,Love. This website has helped come to terms with my past love experience and I am ready to move on from hurt and pain. I would recommend this to anyone looking for clarity,positive,0.9278
13720365911,It was accurate,"I was in doubt at first but i gave it a try, I’m not gonna lose anything for trying and everything the Psychic said came true",5,Ms Hopeless Romantic,,2026-02-06T19:31:53Z,gb,"It was accurate. I was in doubt at first but i gave it a try, I’m not gonna lose anything for trying and everything the Psychic said came true",positive,0.8519
14170639812,Cancelled Account,I used this service for a matter of days and then deleted my account. I also kept on eye on my subscriptions and at no point did it appear in my Apple account subscriptions list. You have just tried to take a payment and luckily it declined as I don’t keep money in that account. There doesn’t seem to be away for me to remove you or my payment details from your system. Please do so with immediate effect. This has been a very negative experience.,1,Gill-K,,2026-06-11T17:02:55Z,gb,Cancelled Account. I used this service for a matter of days and then deleted my account. I also kept on eye on my subscriptions and at no point did it appear in my Apple account subscriptions list. You have just tried to take a payment and luckily it declined as I don’t keep money in that account. There doesn’t seem to be away for me to remove you or my payment details from your system. Please do so with immediate effect. This has been a very negative experience.,negative,-0.6799
12339183335,App technical glitch - won’t refund- added credits instead,"The app had a technical glitch and just to be on the safe side I checked my account. I messaged straightaway stating that the extra attempts were not showing, and it was not to purchase any credits in that amount. Instead of refunding, they added the credits, whilst admitting there was a technical glitch and now the support agent is awol. 
Total scam and need to get the money back, now conveniently they’re not replying. Total joke and scam.
Update: they are saying they will not refund. Despite the fact I followed the info online - submitted the evidence and they admitted a technical error. I want my refund - I do not want the credits.
Last Update: After stating it was theft, and stating it was their error - and also looking up and getting the legal and bank routes of attempting to reimburse the loss - they confirmed they will refund the money. Despite it being online - as a consumer we are protected by consumer rights especially on unfair practices when the issue is a technical fault. Depending on the country you are in. Lots of info online about it. 
But it seems I’ve given this app too many chances. Not sure why I’m still trying. That was unnecessarily difficult and stressful.",1,Actually Played The Games,,2025-02-21T23:17:23Z,gb,"App technical glitch - won’t refund- added credits instead. The app had a technical glitch and just to be on the safe side I checked my account. I messaged straightaway stating that the extra attempts were not showing, and it was not to purchase any credits in that amount. Instead of refunding, they added the credits, whilst admitting there was a technical glitch and now the support agent is awol. Total scam and need to get the money back, now conveniently they’re not replying. Total joke and scam. Update: they are saying they will not refund. Despite the fact I followed the info online - submitted the evidence and they admitted a technical error. I want my refund - I do not want the credits. Last Update: After stating it was theft, and stating it was their error - and also looking up and getting the legal and bank routes of attempting to reimburse the loss - they confirmed they will refund the money. Despite it being online - as a consumer we are protected by consumer rights especially on unfair practices when the issue is a technical fault. Depending on the country you are in. Lots of info online about it. But it seems I’ve given this app too many chances. Not sure why I’m still trying. That was unnecessarily difficult and stressful.",negative,-0.9636
13082956197,Honestly WOW,honestly i love the design and the feel on this app it’s beautiful and i felt right at home! 🥰🥳🪽🌟. as an earth angel i have seeked guidance. truly it’s the palm reading for me i aligned with everything! and they have loads of free articles if you don’t wanna pay. which is inclusive. also i used the psychics. The one i used it didn’t align but maybe I’ll try others in the future. i feel more aligned ✨🪽🌟.,4,eangel111,,2025-08-31T16:20:45Z,gb,Honestly WOW. honestly i love the design and the feel on this app it’s beautiful and i felt right at home! 🥰🥳🪽🌟. as an earth angel i have seeked guidance. truly it’s the palm reading for me i aligned with everything! and they have loads of free articles if you don’t wanna pay. which is inclusive. also i used the psychics. The one i used it didn’t align but maybe I’ll try others in the future. i feel more aligned ✨🪽🌟.,positive,0.7284
13537023231,Lengthy but accurate,"The list of questions was lengthy. Reading took a few days to come up, it’s not as easy as click on link and read. You have to to download app. But the reading seems good. I can connect to most things it states..",3,Hdjsinend,,2025-12-21T02:22:38Z,gb,"Lengthy but accurate. The list of questions was lengthy. Reading took a few days to come up, it’s not as easy as click on link and read. You have to to download app. But the reading seems good. I can connect to most things it states..",positive,0.094
13776480936,Rubbish,"I filled out a questionnaire which was more linked to witch magic on Instagram, and then got pulled into the app. I only paid a pound but then was given an inaccurate birth chart - they didn’t ask for my time or place of birth so all the houses are wrong. Plus there was no follow up on the witch theme. I contacted them but no reply. And constant hassle to pay to speak to one of their ‘psychics’ it feels like a way of preying on lost people to consume knowledge from outside of themselves. Leaves me with a bad feeling.",1,MimosaRD,,2026-02-22T11:02:34Z,gb,"Rubbish. I filled out a questionnaire which was more linked to witch magic on Instagram, and then got pulled into the app. I only paid a pound but then was given an inaccurate birth chart - they didn’t ask for my time or place of birth so all the houses are wrong. Plus there was no follow up on the witch theme. I contacted them but no reply. And constant hassle to pay to speak to one of their ‘psychics’ it feels like a way of preying on lost people to consume knowledge from outside of themselves. Leaves me with a bad feeling.",negative,-0.9797
14401052310,Amazing app,This app is helping for you to understand what are you feeling at exactly and who you really are in the relationship or as a single person.,5,Bluebird31psl,,2026-08-08T01:30:38Z,gb,Amazing app. This app is helping for you to understand what are you feeling at exactly and who you really are in the relationship or as a single person.,positive,0.879
12525509573,Fab customer service,"I tried this app from simply out of curiosity. Unfortunately, this wasn’t for me as I now know that I am not horoscope lover. If you are interested in star signs etc you may like it. The reason I gave 5-star is because of Jacob who did brilliant job as a customer service agent. He was very patient, polite and looked after me with professional manner.",5,misslisaxxx,,2025-04-10T08:36:30Z,gb,"Fab customer service. I tried this app from simply out of curiosity. Unfortunately, this wasn’t for me as I now know that I am not horoscope lover. If you are interested in star signs etc you may like it. The reason I gave 5-star is because of Jacob who did brilliant job as a customer service agent. He was very patient, polite and looked after me with professional manner.",positive,0.88
12253164380,SCAM !!,"It’s trying continuously trying to take me 39€ for a subscription I didn’t make and doesn’t let me cancel it and blocked my card for your scam 😡😡!! After this happened to me i came to check the reviews and see the same problem to almost all of the users even years ago and you guys still let it happened, how does apple allow you guys to do this 🤬!!!",1,Loku Luton,,2025-01-31T14:54:14Z,gb,"SCAM !!. It’s trying continuously trying to take me 39€ for a subscription I didn’t make and doesn’t let me cancel it and blocked my card for your scam 😡😡!! After this happened to me i came to check the reviews and see the same problem to almost all of the users even years ago and you guys still let it happened, how does apple allow you guys to do this 🤬!!!",negative,-0.9674
11319697163,SCAM,"Beware of this app—it's a total scam! They subtly prompt you to make a ""donation"" and cleverly hide the ""skip"" button during the sign-up process. By the time you realize what's happening, they've already secured authorization to charge your card. I was misled into paying $45 for a completely inaccurate birth chart. Moreover, their customer service is just as deceptive. After I complained, they only offered a ""courtesy"" refund of 50%. Exercise caution and steer clear of both this app and their web version.",1,GioAR,,2024-05-29T11:24:53Z,gb,"SCAM. Beware of this app—it's a total scam! They subtly prompt you to make a ""donation"" and cleverly hide the ""skip"" button during the sign-up process. By the time you realize what's happening, they've already secured authorization to charge your card. I was misled into paying $45 for a completely inaccurate birth chart. Moreover, their customer service is just as deceptive. After I complained, they only offered a ""courtesy"" refund of 50%. Exercise caution and steer clear of both this app and their web version.",negative,-0.731
13023989632,Positive experience,I have found some good advisors on here who have offered great insights and advice. The support team are also helpful when/if I have issues,5,Let’sendonahigh,,2025-08-16T16:54:13Z,gb,Positive experience. I have found some good advisors on here who have offered great insights and advice. The support team are also helpful when/if I have issues,positive,0.9721
14325551684,Soul mate,Reading the soul mate section was so interesting I definitely needed to hear that today! The daily horoscope is very in depth and also accurate very accurate. Thank you Nebula,5,Sazsimo82,,2026-07-20T08:49:23Z,gb,Soul mate. Reading the soul mate section was so interesting I definitely needed to hear that today! The daily horoscope is very in depth and also accurate very accurate. Thank you Nebula,positive,0.93
12665808430,Refund,"Had very bad experience, and by mistake ( through trial period ) purchased year subscription. I contacted custumer service and was refused refund with no explanation given. I asked for partial refund second time around and was refused again. Apple is handling refunds so I am complaining about service on their part. Hopefully application developers themselves can have more say themselves in future regarding refunds too as they seemed to be much more forthcoming, but unable to help.",1,talia666,,2025-05-17T11:34:14Z,gb,"Refund. Had very bad experience, and by mistake ( through trial period ) purchased year subscription. I contacted custumer service and was refused refund with no explanation given. I asked for partial refund second time around and was refused again. Apple is handling refunds so I am complaining about service on their part. Hopefully application developers themselves can have more say themselves in future regarding refunds too as they seemed to be much more forthcoming, but unable to help.",negative,-0.6283
10822130077,Fraud,"HONESTLY FRAUD. You have the people popping up to you acting as if they’re professionals and have a profession but really they are just reading your profile, your status and your horoscope. I’m just trying to add a little story to it which is false because they just want the money from the points and coins. you have some of them just pop up just so you can reply just so they can collect the coins and then they’ll say no more to you. It took £20 from my account. I did not know it was £20 after the free trial ridiculous. Do not download just go and get the free wine. I forgot what it’s called but it’s white and red. It’s more accurate and you don’t have to pay and it’s not fraud",1,Suckyamum1999,,2024-01-14T19:09:57Z,gb,"Fraud. HONESTLY FRAUD. You have the people popping up to you acting as if they’re professionals and have a profession but really they are just reading your profile, your status and your horoscope. I’m just trying to add a little story to it which is false because they just want the money from the points and coins. you have some of them just pop up just so you can reply just so they can collect the coins and then they’ll say no more to you. It took £20 from my account. I did not know it was £20 after the free trial ridiculous. Do not download just go and get the free wine. I forgot what it’s called but it’s white and red. It’s more accurate and you don’t have to pay and it’s not fraud",negative,-0.1405
11507177492,Refunds,This is such a poor app and needs to get taken down that requested me to pay £1 to do one session and they took £19 out of my account I’ve been emailing for months and no reply now I’ve suddenly got a reply and they’ve said they can’t give me a refund Because they don’t do them so I asked for a number to call and they said they don’t have one I’m now going to take this up further but please don’t buy anything on this app because they will scam you,1,Jahniapk,,2024-07-18T13:40:47Z,gb,Refunds. This is such a poor app and needs to get taken down that requested me to pay £1 to do one session and they took £19 out of my account I’ve been emailing for months and no reply now I’ve suddenly got a reply and they’ve said they can’t give me a refund Because they don’t do them so I asked for a number to call and they said they don’t have one I’m now going to take this up further but please don’t buy anything on this app because they will scam you,negative,-0.8501
12971772629,Scam app that stole my card details,"I paid €1 thinking it was a one-time charge. The app gave no clear info about a subscription, no Apple confirmation, and nothing showed up in my Subscriptions. I deleted the app and my account—and then got hit with a €39 charge days later.

Apple Support confirmed the charge didn’t go through their system, which means this app processed my card info outside the App Store, which is a direct violation of Apple’s rules. That’s fraud.

Avoid this app at all costs.",1,consjsucysipwndk,,2025-08-03T17:28:42Z,gb,"Scam app that stole my card details. I paid €1 thinking it was a one-time charge. The app gave no clear info about a subscription, no Apple confirmation, and nothing showed up in my Subscriptions. I deleted the app and my account—and then got hit with a €39 charge days later. Apple Support confirmed the charge didn’t go through their system, which means this app processed my card info outside the App Store, which is a direct violation of Apple’s rules. That’s fraud. Avoid this app at all costs.",negative,-0.9636
13320997310,Avoid took £50 from my account without  warning,"I was interested in one of services provided found the website through Facebook was asked to pay £1 in order to access the service. Paid via Apple Pay and was unknowingly signed up to a £50 a month subscription and was not aware as its was done through safari rather than the app. So it was not showing on my apple account, at least the cannot clone my card as I used Apple Pay.",1,UIW25,,2025-10-27T13:46:22Z,gb,"Avoid took £50 from my account without warning. I was interested in one of services provided found the website through Facebook was asked to pay £1 in order to access the service. Paid via Apple Pay and was unknowingly signed up to a £50 a month subscription and was not aware as its was done through safari rather than the app. So it was not showing on my apple account, at least the cannot clone my card as I used Apple Pay.",negative,-0.4568
11707316042,Excellent and Accurate,"The reading I had was spot on, explained to me what was currently happening in my life, and told me things only I knew.  Advised me of my future til Jan 2025 and he even went beyond that.  Explained some promising and exciting news for my future and would defo recommend this reader.  Give direct questions re career, business, love, and money and ask for an in-depth reading over a period of time and you will not be disappointed.  Will get another reading in 6 months time.  Thank you",5,Chell15,,2024-09-09T22:44:27Z,gb,"Excellent and Accurate. The reading I had was spot on, explained to me what was currently happening in my life, and told me things only I knew. Advised me of my future til Jan 2025 and he even went beyond that. Explained some promising and exciting news for my future and would defo recommend this reader. Give direct questions re career, business, love, and money and ask for an in-depth reading over a period of time and you will not be disappointed. Will get another reading in 6 months time. Thank you",positive,0.9828
13390231537,I am actually shocked at the accuracy.,Amelia was 100% spot on with literally everything she said about my relationship. It was the first time I contacted a psychic and to be honest I was very sceptical but this truly changed my view on that. Wow just wow,5,Joey18584,,2025-11-12T21:27:15Z,gb,I am actually shocked at the accuracy.. Amelia was 100% spot on with literally everything she said about my relationship. It was the first time I contacted a psychic and to be honest I was very sceptical but this truly changed my view on that. Wow just wow,positive,0.9717
12587485256,Anonymous,"This app is nice however, i feel like it is useless in one sense. You recharge a certain amount of credit and that credit is used so fast, delayed responses and so slow. If you just want to use it generally its fine but if you want guidance don’t waste your money on this.",3,IBB04,,2025-04-26T09:19:21Z,gb,"Anonymous. This app is nice however, i feel like it is useless in one sense. You recharge a certain amount of credit and that credit is used so fast, delayed responses and so slow. If you just want to use it generally its fine but if you want guidance don’t waste your money on this.",positive,0.0779
11087246381,Excellent,"Recently, I reached out to Nebula with a concern about their service. I was thoroughly impressed by how swiftly and efficiently their customer service team addressed my issue. The response was not only quick but also very effective, completely resolving my concerns. This positive experience has significantly boosted my confidence in Nebula’s commitment to customer satisfaction. Highly recommend for their exceptional customer service!",5,Miss Beckford,,2024-03-26T11:44:32Z,gb,"Excellent. Recently, I reached out to Nebula with a concern about their service. I was thoroughly impressed by how swiftly and efficiently their customer service team addressed my issue. The response was not only quick but also very effective, completely resolving my concerns. This positive experience has significantly boosted my confidence in Nebula’s commitment to customer satisfaction. Highly recommend for their exceptional customer service!",positive,0.9959
6825732179,Would have been 5 but it stopped working,"It wouldn’t load my horoscope after several attempts - I even uninstalled it; refreshed it, all that I could think of. I am greatly devastated as I was enjoying it up until this point. Hope you fix the bug soon so I can install it and use the software again.",3,HazeeDaisy,,2021-01-03T11:57:51Z,gb,"Would have been 5 but it stopped working. It wouldn’t load my horoscope after several attempts - I even uninstalled it; refreshed it, all that I could think of. I am greatly devastated as I was enjoying it up until this point. Hope you fix the bug soon so I can install it and use the software again.",neutral,0.0207
13647585312,Conmen,I cancelled the subscription within 24 hours of downloading the app. Shocking yesterday 7 days after cancelling I had 2 payments taken from my bank. I have spent hours talking to AI until finally out through allegedly to a human who is so condescending and tells me I have a web based subscription I never asked for and that they will be keeping my money. I will be refuting this with my bank as this is an absolute con.,4,Bearbugbubble,,2026-01-18T12:49:01Z,gb,Conmen. I cancelled the subscription within 24 hours of downloading the app. Shocking yesterday 7 days after cancelling I had 2 payments taken from my bank. I have spent hours talking to AI until finally out through allegedly to a human who is so condescending and tells me I have a web based subscription I never asked for and that they will be keeping my money. I will be refuting this with my bank as this is an absolute con.,negative,-0.0852
14058950075,MISLEADING,"Only leaving 1 star because I cannot leave zero! 2x £50 payments have left my account, despite me cancelling my subscription! They are very sneaky and whilst it says you have no subscription, they have another tab called “plans” not clear and genuinely terrible. This is not informed anywhere on the website or app, I had to google it to find out! Not worth it and would like my money back.",1,hedgeyyy,,2026-05-13T07:13:57Z,gb,"MISLEADING. Only leaving 1 star because I cannot leave zero! 2x £50 payments have left my account, despite me cancelling my subscription! They are very sneaky and whilst it says you have no subscription, they have another tab called “plans” not clear and genuinely terrible. This is not informed anywhere on the website or app, I had to google it to find out! Not worth it and would like my money back.",negative,-0.9431
14122557452,Amazing 🤩,"wow 🤩 this really has got me so correct about my aura , exactly the person i am , loved listening how to energise and ground myself how to make my aura become stronger, very easy to set up and quick to get my first reading , 
looking forward to tomorrow’s reading now",5,ktaylor1981,,2026-05-30T08:32:42Z,gb,"Amazing 🤩. wow 🤩 this really has got me so correct about my aura , exactly the person i am , loved listening how to energise and ground myself how to make my aura become stronger, very easy to set up and quick to get my first reading , looking forward to tomorrow’s reading now",positive,0.983
14402185211,Scam,"This app is an absolute scam. They charge you without making the costs or subscription terms clear, and the horoscope is basically the same every single day. On top of that, the app is confusing, difficult to navigate, and feels deliberately designed to make things harder for users and to make you pay for anything on top of your subscription fees. 

I would not recommend this app to anyone. Save your money and stay away.",1,JavierTorresBallet,,2026-08-08T09:36:09Z,gb,"Scam. This app is an absolute scam. They charge you without making the costs or subscription terms clear, and the horoscope is basically the same every single day. On top of that, the app is confusing, difficult to navigate, and feels deliberately designed to make things harder for users and to make you pay for anything on top of your subscription fees. I would not recommend this app to anyone. Save your money and stay away.",negative,-0.8553
14232078584,Scarily accurate,I’ve been using the app for about three months now and everything I’ve read regarding my personal astrology and horoscopes has been extremely accurate to the point of being scarily accurate and I’ve found myself in a much better and happier place,5,Dellin81,,2026-06-27T09:22:29Z,gb,Scarily accurate. I’ve been using the app for about three months now and everything I’ve read regarding my personal astrology and horoscopes has been extremely accurate to the point of being scarily accurate and I’ve found myself in a much better and happier place,positive,0.8715
14076498753,Not Sure Yet,"I have to say the depiction of him, at least in his approaches to our relationship and what id be lookong for, feel pretty spot on although i’m aware some of this information i volunteered willingly so the rest might be easy to piece together. i’m trying not to be overly cynical but it’s difficult when it’s ingrained in you from past trauma. At best, it’s giving me clarity about the boundaries and qualities i need and find non negotiable, so that at least is very helpful. no more settling for emotionally barren and unsatisfying relationship dynamics- if he comes, god wills it to be and if he doesn’t, so be it. but im done in settling for less!",3,tRwbador,,2026-05-17T23:13:33Z,gb,"Not Sure Yet. I have to say the depiction of him, at least in his approaches to our relationship and what id be lookong for, feel pretty spot on although i’m aware some of this information i volunteered willingly so the rest might be easy to piece together. i’m trying not to be overly cynical but it’s difficult when it’s ingrained in you from past trauma. At best, it’s giving me clarity about the boundaries and qualities i need and find non negotiable, so that at least is very helpful. no more settling for emotionally barren and unsatisfying relationship dynamics- if he comes, god wills it to be and if he doesn’t, so be it. but im done in settling for less!",positive,0.4567
13592875728,Connecting,"At times you feel lost and having a horoscope tailored to your energy makes you feel connected. Thank you!
Kind regards,",5,Misnuna,,2026-01-04T09:09:52Z,gb,"Connecting. At times you feel lost and having a horoscope tailored to your energy makes you feel connected. Thank you! Kind regards,",positive,0.8589
11431856660,Be careful if trying to get the free trial,Went on to take up the offer of a free trial subscription before I decided if it was worth the money. But they have the full yearly price as a default. Even tho it looks as tho the basic free trial one is selected. No other app I have used does this. Sneaky and misleading. When you request a refund that’s when they mention it’s the default option. Awaiting App Store to refund. Definitely do not want to use this app as if they’re sneaky with the subscription what else are they sneaky and misleading about?,1,Frogelina,,2024-06-28T06:52:35Z,gb,Be careful if trying to get the free trial. Went on to take up the offer of a free trial subscription before I decided if it was worth the money. But they have the full yearly price as a default. Even tho it looks as tho the basic free trial one is selected. No other app I have used does this. Sneaky and misleading. When you request a refund that’s when they mention it’s the default option. Awaiting App Store to refund. Definitely do not want to use this app as if they’re sneaky with the subscription what else are they sneaky and misleading about?,negative,-0.7765
11335241978,Fraudulent App -they will take unauthorised pay,This app promises a free trial but then they hide all the small prints. Do not make navigation easy. If you give them access to your bank accounts you will find a follow-up charge of £50 and auto enrolling their subscription plans. I would recommend not signing up to this app as The headache that you don’t need to have they also do not have a present customer service so trying to get through to anyone is the hardest thing in the world.,1,vanity rose,,2024-06-02T14:45:23Z,gb,Fraudulent App -they will take unauthorised pay. This app promises a free trial but then they hide all the small prints. Do not make navigation easy. If you give them access to your bank accounts you will find a follow-up charge of £50 and auto enrolling their subscription plans. I would recommend not signing up to this app as The headache that you don’t need to have they also do not have a present customer service so trying to get through to anyone is the hardest thing in the world.,negative,-0.5333
9526967657,SHADY - They’re a scam,"DO NOT give your information to these vultures. They DO NOT warn you before charging you £20. They WILL NOT refund you - regardless of at which point in time you contact them for a refund. They DO NOT operate an honest business. DO NOT download this app. £20 gone and no use of it. Total and complete scam. Had to open a dispute with my bank and God knows when or if I’ll see my money back. Absolute disgrace, should be banned from the App Store.",1,ana.catarina,,2023-01-20T08:48:59Z,gb,"SHADY - They’re a scam. DO NOT give your information to these vultures. They DO NOT warn you before charging you £20. They WILL NOT refund you - regardless of at which point in time you contact them for a refund. They DO NOT operate an honest business. DO NOT download this app. £20 gone and no use of it. Total and complete scam. Had to open a dispute with my bank and God knows when or if I’ll see my money back. Absolute disgrace, should be banned from the App Store.",negative,-0.9828
9819801007,Outdated,"I enjoy going and Nebula and checking my daily horoscope. However, this years it doesn’t seem to have been updated, any information seems to keep going back to 2022.",4,nerivirk,,2023-04-14T06:26:03Z,gb,"Outdated. I enjoy going and Nebula and checking my daily horoscope. However, this years it doesn’t seem to have been updated, any information seems to keep going back to 2022.",positive,0.497
12742844651,It keeps trying to charge me,"I tried the app out of curiosity and paid the 1 Euro recommendation to support them, unaware they are actually signing me up for a 39 Euros/M subscription, no indication on screen that they’re setting me up for subscription. I have since deleted my account but I keep receiving alerts for withdrawal attempts! I have locked my card and removed it from Apple Pay but still receive daily attempts. Can’t login to possibly cancel subscription, as it says account deleted. Can’t create a new account under the same email as it says account exists and there is no customer support. At this point I have no option other than cancelling my card.",1,A M I N K,,2025-06-06T14:45:12Z,gb,"It keeps trying to charge me. I tried the app out of curiosity and paid the 1 Euro recommendation to support them, unaware they are actually signing me up for a 39 Euros/M subscription, no indication on screen that they’re setting me up for subscription. I have since deleted my account but I keep receiving alerts for withdrawal attempts! I have locked my card and removed it from Apple Pay but still receive daily attempts. Can’t login to possibly cancel subscription, as it says account deleted. Can’t create a new account under the same email as it says account exists and there is no customer support. At this point I have no option other than cancelling my card.",negative,-0.9379
13566840197,Can’t unsubscribe!,"I tried to unsubscribe as soon as I saw almost £50 would be taken out of my bank account. I had a look at the app store, website etc but can’t find any active subscriptions to cancel. When trying to contact them on the app chat nobody is available to respond but they will reply via email. They do not… I have no idea if I’m stuck with them now…",1,tattamm,,2025-12-29T00:33:19Z,gb,"Can’t unsubscribe!. I tried to unsubscribe as soon as I saw almost £50 would be taken out of my bank account. I had a look at the app store, website etc but can’t find any active subscriptions to cancel. When trying to contact them on the app chat nobody is available to respond but they will reply via email. They do not... I have no idea if I’m stuck with them now...",negative,-0.3549
8708768793,Pisces☀️Capricorn🌙Scorpio⬆️,I love this app I check my horoscope pretty much everyday!! It tells you what sign your planets are in and what house they are. Also has the meaning to read after the ad💖💜🧡💛❤️🪐🧜🏽‍♀️🔮🔥✨,5,leigh♓️,,2022-05-26T05:31:14Z,gb,Pisces☀️Capricorn🌙Scorpio⬆️. I love this app I check my horoscope pretty much everyday!! It tells you what sign your planets are in and what house they are. Also has the meaning to read after the ad💖💜🧡💛❤️🪐🧜🏽‍♀️🔮🔥✨,positive,0.9908
14010499576,Soul mate,Everything that was said is already in my life and certain points have given me the insight to see what I need to do to make my life better and for my family’s future 💯❤️,5,Kimzeeb1,,2026-04-29T20:52:56Z,gb,Soul mate. Everything that was said is already in my life and certain points have given me the insight to see what I need to do to make my life better and for my family’s future 💯❤️,positive,0.8062
13393457029,I just love the readings because it connects to my reality,"Since I have been on this site, my life feels calm, I’ve gotten the best readings that end up happening and it’s amazing to be guided with my own choices in a positive way and sometimes facing my own reality.",5,Anike1975,,2025-11-13T17:20:40Z,gb,"I just love the readings because it connects to my reality. Since I have been on this site, my life feels calm, I’ve gotten the best readings that end up happening and it’s amazing to be guided with my own choices in a positive way and sometimes facing my own reality.",positive,0.9795
14096192990,User friendly,The app is very user friendly and you have support for any payment or glitch issues so you can get refunds. Psychics are good but you need to find ones that are good on your own (as with any app). They constantly ask for feedback and make changes that you suggest so it has lots of purposeful features.,5,Bubblesgi,,2026-05-23T10:10:47Z,gb,User friendly. The app is very user friendly and you have support for any payment or glitch issues so you can get refunds. Psychics are good but you need to find ones that are good on your own (as with any app). They constantly ask for feedback and make changes that you suggest so it has lots of purposeful features.,positive,0.9374
12437698885,Surprisingly impressed,"Honestly really surprised at this app, thought it would be a little scammy but all the light workers were very accurate. Really good for quick consultation but also can get expensive so use in balance..",5,nameogram,,2025-03-19T05:58:37Z,gb,"Surprisingly impressed. Honestly really surprised at this app, thought it would be a little scammy but all the light workers were very accurate. Really good for quick consultation but also can get expensive so use in balance..",positive,0.9365
12739466587,Unexpected subscription charges,"Like others have posted, no where did it say after paying the initial €1 that you would be charged more or a monthly subscription. 

I triple checked before agreeing to the €1 and checked in the subscriptions tab after paying and there was no subscription showing, if there had been I would have cancelled it before being charged. 

I checked in all the places (apple subscriptions, in the app, on the website) and no where did it say I had a subscription so imagine my surprise and anger when my PayPal account was charged €39!

I contacted them through the chat bot and via email and have heard nothing other than the automated emails. 

Even the chat bot recognised I requested a refund but still nothing!",1,Skinny Rhino J,,2025-06-05T16:50:17Z,gb,"Unexpected subscription charges. Like others have posted, no where did it say after paying the initial €1 that you would be charged more or a monthly subscription. I triple checked before agreeing to the €1 and checked in the subscriptions tab after paying and there was no subscription showing, if there had been I would have cancelled it before being charged. I checked in all the places (apple subscriptions, in the app, on the website) and no where did it say I had a subscription so imagine my surprise and anger when my PayPal account was charged €39! I contacted them through the chat bot and via email and have heard nothing other than the automated emails. Even the chat bot recognised I requested a refund but still nothing!",negative,-0.8526
12260548717,Good and frustrating at the same time,"I had just paid for 10 minutes with a psychic - who was very good in my opinion. However, after 4 minutes within the conversation, they asked me to pay for more. It was frustrating, caught me off balance and made me think it was a money grabbing app. Also, their prices had become more expensive when it came to the best value deal.",3,Annecy67,,2025-02-02T08:07:25Z,gb,"Good and frustrating at the same time. I had just paid for 10 minutes with a psychic - who was very good in my opinion. However, after 4 minutes within the conversation, they asked me to pay for more. It was frustrating, caught me off balance and made me think it was a money grabbing app. Also, their prices had become more expensive when it came to the best value deal.",positive,0.3688
12695476758,Deep connected readers,I would highly recommend this site the readers I have used have all been exceptional. They have been accurate and very quick to connect not wasting time but to the point with tremendous empathy. Absolutely wonderful and truthful. Thank you all 🙏🏽💕,5,Amazonia67,,2025-05-25T07:13:17Z,gb,Deep connected readers. I would highly recommend this site the readers I have used have all been exceptional. They have been accurate and very quick to connect not wasting time but to the point with tremendous empathy. Absolutely wonderful and truthful. Thank you all 🙏🏽💕,positive,0.9875
10887753057,Unauthorised payments,"I have had two payments removed from my bank account now, and I have not authorised either one of them. 
My bank is aware and is investigating, but I cannot cancel my subscription on the app.
It will not allow me to do so.
I have also complained to trading standards and I’m expecting to be contacted by them  soon. 
Please be aware before showing any interest in this site and contact your bank to report any unauthorised debit and they will deal with it.",1,Witchy poo71,,2024-02-01T07:56:17Z,gb,"Unauthorised payments. I have had two payments removed from my bank account now, and I have not authorised either one of them. My bank is aware and is investigating, but I cannot cancel my subscription on the app. It will not allow me to do so. I have also complained to trading standards and I’m expecting to be contacted by them soon. Please be aware before showing any interest in this site and contact your bank to report any unauthorised debit and they will deal with it.",negative,-0.228
12426117905,Ms Kilenny,"Amazing kind wise and soo supportive. I was a a wee bit of a sceptic but had me sussed in a lovely way. I wish I could visit her, I presume somwhere in the US as she was amazing. I need her as my mum ha ha!! Just way, way expensive if you don’t have a lot of money£££. Someone’s raking it in off this app!!!",5,Frankly 24,,2025-03-16T04:59:57Z,gb,"Ms Kilenny. Amazing kind wise and soo supportive. I was a a wee bit of a sceptic but had me sussed in a lovely way. I wish I could visit her, I presume somwhere in the US as she was amazing. I need her as my mum ha ha!! Just way, way expensive if you don’t have a lot of money£££. Someone’s raking it in off this app!!!",positive,0.9869
12523797166,"Good readers, annoying that the app does let you voice type out messages.","Some psychic readers are really really good. However, some are just slow and very generic 

Love the insights with soecific reader so sof on",5,TP_1397,,2025-04-09T20:26:36Z,gb,"Good readers, annoying that the app does let you voice type out messages.. Some psychic readers are really really good. However, some are just slow and very generic Love the insights with soecific reader so sof on",positive,0.9231
12593199715,Fantastic app,"I love this app, little snippets from your horoscope every day, insights, compatibility with partners.  You do need to purchase credits if you want to speak to the mediums for longer than 3 mins so depends whether you really want to know what they have to say.",5,Katie Dingle,,2025-04-27T19:37:23Z,gb,"Fantastic app. I love this app, little snippets from your horoscope every day, insights, compatibility with partners. You do need to purchase credits if you want to speak to the mediums for longer than 3 mins so depends whether you really want to know what they have to say.",positive,0.9521
10451096541,Money pit app- trapped with continuous payments even after you stop using the app:,"This app is intriguing but at every turn they attempt to take your money and don’t get me started on the subscriptions. It’s so well hidden you cannot easily unsubscribe. So you are stuck paying for a non service. I spoke to a medium/ advisor. She was believable and intriguing but after paying £20 I got 5 mins to ask her questions until they could take more money from me. I just want to delete the app and unsubscribe from all fees, Nebula. 

My point is I paid for that ladies service. Ok. However continuous payments that are so difficult to cancel especially when you stop using the app. Who wants to pay for a service they are not using. I spent days on the app just trying to cancel my payment. That of the dodgy part. Avoid this app like the plague!

Signed an unhappy customer!",1,Miz_scruface21,,2023-10-08T05:48:37Z,gb,"Money pit app- trapped with continuous payments even after you stop using the app:. This app is intriguing but at every turn they attempt to take your money and don’t get me started on the subscriptions. It’s so well hidden you cannot easily unsubscribe. So you are stuck paying for a non service. I spoke to a medium/ advisor. She was believable and intriguing but after paying £20 I got 5 mins to ask her questions until they could take more money from me. I just want to delete the app and unsubscribe from all fees, Nebula. My point is I paid for that ladies service. Ok. However continuous payments that are so difficult to cancel especially when you stop using the app. Who wants to pay for a service they are not using. I spent days on the app just trying to cancel my payment. That of the dodgy part. Avoid this app like the plague! Signed an unhappy customer!",negative,-0.9835
14445324976,Daily Horoscopes,I love learning about horoscopes and how the planets align for certain birth signs. It’s a shame you have to pay for many things on this site or a would have indulged in learning more other than that it is an excellent site,5,DVsurvivor,,2026-08-19T03:52:26Z,gb,Daily Horoscopes. I love learning about horoscopes and how the planets align for certain birth signs. It’s a shame you have to pay for many things on this site or a would have indulged in learning more other than that it is an excellent site,positive,0.879
9918071078,Appalling Rip-off!,No stars. I am disgusted with your unclear and misleading rhetorical blabber on this website. You target vulnerable individuals with this cynical ‘help’ and remove swathes of money from people under the guise of ‘subscriptions.’ You took £70 from me for ONE horoscope which lasted 3 minutes. I have reported you and hope someone from Google Play has the conscience to remove your dreadful app immediately.,3,GillHeff,,2023-05-12T06:52:00Z,gb,Appalling Rip-off!. No stars. I am disgusted with your unclear and misleading rhetorical blabber on this website. You target vulnerable individuals with this cynical ‘help’ and remove swathes of money from people under the guise of ‘subscriptions.’ You took £70 from me for ONE horoscope which lasted 3 minutes. I have reported you and hope someone from Google Play has the conscience to remove your dreadful app immediately.,negative,-0.4637
13512847787,"Used to be good, now it’s a con","I’ve had this app for years, it used to be really good. You’d be able to access your birth chart at any time, do the comparability matches as much as you want etc. I’ve just logged in for the first time in a while and everything is locked behind a paywall. You want your birth chart? Oh you have to wait 10 minutes for that unless you pay, oh you want to do a comparability check, you can but to read the results you have to pay or invite the person to the app. This is really shame as the app was really good, but now it’s obvious they just care about money so I will need to download a new one that doesn’t lock everything behind a pay wall",1,unknownacorn,,2025-12-14T14:29:20Z,gb,"Used to be good, now it’s a con. I’ve had this app for years, it used to be really good. You’d be able to access your birth chart at any time, do the comparability matches as much as you want etc. I’ve just logged in for the first time in a while and everything is locked behind a paywall. You want your birth chart? Oh you have to wait 10 minutes for that unless you pay, oh you want to do a comparability check, you can but to read the results you have to pay or invite the person to the app. This is really shame as the app was really good, but now it’s obvious they just care about money so I will need to download a new one that doesn’t lock everything behind a pay wall",negative,-0.1048
14336179212,Surprisingly accurate,A lot of things were scarily accurate. And I didn’t even give them enough information to predict it,5,Kawii_Toothless,,2026-07-22T23:12:17Z,gb,Surprisingly accurate. A lot of things were scarily accurate. And I didn’t even give them enough information to predict it,positive,0.648
13736473601,Really surprised,Didn’t think it would work  was really surprised that it got me to a T and cant wait for what’s in store find out your horoscope and astrology and you might be as surprised as I am,5,MR.J01,,2026-02-11T05:17:45Z,gb,Really surprised. Didn’t think it would work was really surprised that it got me to a T and cant wait for what’s in store find out your horoscope and astrology and you might be as surprised as I am,positive,0.8235
14137687194,Unsatisfactory,"I downloaded the app without putting in my bank card details. Then today I was billed for a subscription which I didn’t even subscribe for in the app. Also, after I was billed I still couldn’t access a lot of stuff in the app. So the app basically took my money without even giving me access to the different things that it provides.",1,Abygail clarke,,2026-06-03T03:53:15Z,gb,"Unsatisfactory. I downloaded the app without putting in my bank card details. Then today I was billed for a subscription which I didn’t even subscribe for in the app. Also, after I was billed I still couldn’t access a lot of stuff in the app. So the app basically took my money without even giving me access to the different things that it provides.",negative,-0.6292
12892065488,Scammers,STAY AWAY! They will continue trying to charge your card even after you’ve cancelled your subscription and even after the subscription no longer even shows within your AppleID subscriptions. They clearly keep the connection to your bank account active from their end and continue charging you the monthly subscription rate. Absolutely disgusting.,1,BarnyT1988,,2025-07-14T21:12:05Z,gb,Scammers. STAY AWAY! They will continue trying to charge your card even after you’ve cancelled your subscription and even after the subscription no longer even shows within your AppleID subscriptions. They clearly keep the connection to your bank account active from their end and continue charging you the monthly subscription rate. Absolutely disgusting.,negative,-0.7093
14380446830,a well needed reassurance,Nebula gave me answers to questions that had been rolling around my mind for too long. Nothing is set in stone but they’re there to guide you and that they did.,5,Nicky Bradley,,2026-08-02T23:02:56Z,gb,a well needed reassurance. Nebula gave me answers to questions that had been rolling around my mind for too long. Nothing is set in stone but they’re there to guide you and that they did.,positive,0.6591
6461456956,Free trial doesn’t show everything,"Not going to lie, apps like this are not worth the money or investing your confidence or time in. There is very limited access & options to explore on a free trial. The app really doesn’t allow you to truly understand your sign or personality because it’s all been prewritten and working on predefined characteristics instead of very persona results. The summaries also seem very simplistic and almost superficial from what I am allowed to see. I would recommend a personal astrologer over an app if you want far more insight and personalized readings.",1,ToriCeylon,,2020-09-23T22:55:08Z,gb,"Free trial doesn’t show everything. Not going to lie, apps like this are not worth the money or investing your confidence or time in. There is very limited access & options to explore on a free trial. The app really doesn’t allow you to truly understand your sign or personality because it’s all been prewritten and working on predefined characteristics instead of very persona results. The summaries also seem very simplistic and almost superficial from what I am allowed to see. I would recommend a personal astrologer over an app if you want far more insight and personalized readings.",neutral,-0.0265
12131977077,Scam,Took a test for fun and paid $1 for a report. Paid with Apple Pay and at no point did it say that doing this would sign me up for a $39 subscription. I’m fact it asked me many times if I wanted a subscription or add ons and I said no. But it still seems to have signed me up for a subscription. I double checked emails and no where did it say I had make a subscription so it’s lucky I checked to be able to cancel it. Absolutely disgusting. Also the report I got was also useless as it doesn’t really say anything about me personally and then just wants you to pay to talk to a psychic.,1,Kaynoir,,2025-01-01T16:06:06Z,gb,Scam. Took a test for fun and paid $1 for a report. Paid with Apple Pay and at no point did it say that doing this would sign me up for a $39 subscription. I’m fact it asked me many times if I wanted a subscription or add ons and I said no. But it still seems to have signed me up for a subscription. I double checked emails and no where did it say I had make a subscription so it’s lucky I checked to be able to cancel it. Absolutely disgusting. Also the report I got was also useless as it doesn’t really say anything about me personally and then just wants you to pay to talk to a psychic.,negative,-0.9552
8732903097,App not working for two days,"I’m unable to access my horoscopes for the last two days and I pay for the premium service.
Please sort this out asap 
I normally love this app but if it’s not fixed soon I’ll find another one",4,bravejem,,2022-06-02T10:28:56Z,gb,App not working for two days. I’m unable to access my horoscopes for the last two days and I pay for the premium service. Please sort this out asap I normally love this app but if it’s not fixed soon I’ll find another one,positive,0.4839
12344968503,Be careful not to sign up to subscription,"I absentmindedly paid $1 for a palm reading and they must have embedded in the small print I was signing up for a trail that would lead to a subscription. 

They were good enough to refund me soon enough but just be aware don’t do the same thing as me!",3,Littlemissellyme,,2025-02-23T10:09:15Z,gb,Be careful not to sign up to subscription. I absentmindedly paid $1 for a palm reading and they must have embedded in the small print I was signing up for a trail that would lead to a subscription. They were good enough to refund me soon enough but just be aware don’t do the same thing as me!,positive,0.185
12286838274,AWFUL,I’ve I could give zero stars I would. Clearly visible that a 3 day trail is offered however it automatically takes you to a payment for a full year. There is a page on their website specifically about this so clearly it’s a common issue. Tried to explain this and ask for a refund however they sent me a like to the above page mentioned. Do not download this app and fall for the sam scam,1,Hm12ji,,2025-02-08T17:51:55Z,gb,AWFUL. I’ve I could give zero stars I would. Clearly visible that a 3 day trail is offered however it automatically takes you to a payment for a full year. There is a page on their website specifically about this so clearly it’s a common issue. Tried to explain this and ask for a refund however they sent me a like to the above page mentioned. Do not download this app and fall for the sam scam,negative,-0.4667
12242104460,Fuming!,"Took a test on Instagram. Followed the link, wanted me to sign up making some sort of donation towards costs. Didn’t know what to expect so paid 1€. Flicked through a 57 page document /reading which was too small for me to read and Just looked at my bank and there is 2 further charges pending for over £60 in total. I don’t even know what the charges are for.",1,skenrbdjemr,,2025-01-28T19:04:51Z,gb,"Fuming!. Took a test on Instagram. Followed the link, wanted me to sign up making some sort of donation towards costs. Didn’t know what to expect so paid 1€. Flicked through a 57 page document /reading which was too small for me to read and Just looked at my bank and there is 2 further charges pending for over £60 in total. I don’t even know what the charges are for.",negative,-0.9008
12743903330,Scam,"Signed up, wasn’t for me. Made sure to NOT select any subscriptions, even checked my Apple account and no subscriptions were showing but I’ve just been charged £35 and I will be submitting a claim with my bank. Had the app all of 30 minutes before deleting it and thoroughly checked my settings to make sure I wasn’t going to be charged anything. Horrible people running this, it’s just a money grab.",1,littlejensx,,2025-06-06T20:31:05Z,gb,"Scam. Signed up, wasn’t for me. Made sure to NOT select any subscriptions, even checked my Apple account and no subscriptions were showing but I’ve just been charged £35 and I will be submitting a claim with my bank. Had the app all of 30 minutes before deleting it and thoroughly checked my settings to make sure I wasn’t going to be charged anything. Horrible people running this, it’s just a money grab.",negative,-0.9088
14264405632,Paywall and change,Had this app for a few years and now suddenly birth charts are behind a pay wall when the main reason I liked this app was because of how easy it was to understand and view your chart. They keep pushing psychics down your throat and it’s clear they’re trying to pivot away from their original female audience.,2,MCZ127,,2026-07-05T03:11:17Z,gb,Paywall and change. Had this app for a few years and now suddenly birth charts are behind a pay wall when the main reason I liked this app was because of how easy it was to understand and view your chart. They keep pushing psychics down your throat and it’s clear they’re trying to pivot away from their original female audience.,positive,0.174
12076235365,Reading,I have had a few different readings and all have been accurate. Even when predicting things which at the time seem out there they have come to pass,5,Smellbean,,2024-12-18T05:12:00Z,gb,Reading. I have had a few different readings and all have been accurate. Even when predicting things which at the time seem out there they have come to pass,positive,0.5
12242685985,Beware the subscription cancellation instructions do not work,"I signed up for a free trial and then tried to cancel the subscription using the instructions on the app, unfortunately this didn’t work and they tried to take a payment from me. I had to contact them in order to get the payment cancelled, to be fair I did get the money back but cancelling the subscription is much harder than it should be and the app misinforms you about how to do this.",1,Bri the bad,,2025-01-28T22:36:47Z,gb,"Beware the subscription cancellation instructions do not work. I signed up for a free trial and then tried to cancel the subscription using the instructions on the app, unfortunately this didn’t work and they tried to take a payment from me. I had to contact them in order to get the payment cancelled, to be fair I did get the money back but cancelling the subscription is much harder than it should be and the app misinforms you about how to do this.",negative,-0.6366
13836222684,Great,"Matched my expectations for today, had already decided on what to do. Just thought i would pop on here and was pleasantly surprised to see how it coincided with my day",5,Draconis_24,,2026-03-11T09:13:07Z,gb,"Great. Matched my expectations for today, had already decided on what to do. Just thought i would pop on here and was pleasantly surprised to see how it coincided with my day",positive,0.9221
13646514877,Encouragement,"Really is a little gem towards self care and guidance, take what is positive, apply as a gentle nudge when grieving or growing over thinking needs to be simple this will help 
 a new app for me but it seems to cover everything in a nice simple way, always give  these apps with tools and for a couple of weeks because they do have an effect
 helps you keep track
 What you already knew",5,Lozmmm2007,,2026-01-18T05:31:53Z,gb,"Encouragement. Really is a little gem towards self care and guidance, take what is positive, apply as a gentle nudge when grieving or growing over thinking needs to be simple this will help a new app for me but it seems to cover everything in a nice simple way, always give these apps with tools and for a couple of weeks because they do have an effect helps you keep track What you already knew",positive,0.9623
13584822587,DO NOT PAY THE £1,"The app’s adverts all over social media tell you they’ll do a soulmate reading for £1. Know that this also sets you up for an extra £50 charge a week later as the £1 isn’t a one time charge for a single reading but a discounted  premium price. This is shown in their example of fine print but on the page you go through on the ads it will not tell you this and the reminder goes straight to junk mail. Besides this very deceptive and scammy marketing technique, I found my reading very confusing and it seemed like i was just being told - this is how to read your own palm and what it means even though it supposedly scanned my palm for me - what is the point in paying for a palm reading if I’m doing it myself with your generic guide? The whole app is also run by AI so if that is important to you avoid this app. I’ve seen numerous people who had the same problem woth being charged a monthly sub after the £1 charge so don’t get caught in the same issue friends!",1,angelas55,,2026-01-02T11:35:13Z,gb,"DO NOT PAY THE £1. The app’s adverts all over social media tell you they’ll do a soulmate reading for £1. Know that this also sets you up for an extra £50 charge a week later as the £1 isn’t a one time charge for a single reading but a discounted premium price. This is shown in their example of fine print but on the page you go through on the ads it will not tell you this and the reminder goes straight to junk mail. Besides this very deceptive and scammy marketing technique, I found my reading very confusing and it seemed like i was just being told - this is how to read your own palm and what it means even though it supposedly scanned my palm for me - what is the point in paying for a palm reading if I’m doing it myself with your generic guide? The whole app is also run by AI so if that is important to you avoid this app. I’ve seen numerous people who had the same problem woth being charged a monthly sub after the £1 charge so don’t get caught in the same issue friends!",negative,-0.1296
14434727498,Believe,"I had a reading by someone else first then I came to this one, and the sketch is the same women from the from two different people,",5,jodie keeble,,2026-08-16T13:12:35Z,gb,"Believe. I had a reading by someone else first then I came to this one, and the sketch is the same women from the from two different people,",positive,0.5
